sample_index,pid,caption,num_tokens
0,-1,,64
1,-1,,64
2,-1,,64
3,-1,,64
4,-1,,64
5,-1,,64
6,-1,,64
7,-1,,61
8,-1,,64
9,-1,,64
10,-1,,63
11,-1,,64
12,-1,,38
13,-1,,48
14,-1,,43
15,-1,,35
16,-1,,64
17,-1,,64
18,-1,,64
19,-1,,61
20,-1,,64
21,-1,,60
22,-1,,64
23,-1,,64
24,-1,,47
25,-1,,44
26,-1,,48
27,-1,,33
28,-1,,64
29,-1,,61
30,-1,,61
31,-1,,39
32,-1,,57
33,-1,,47
34,-1,,50
35,-1,,54
36,-1,,64
37,-1,,61
38,-1,,55
39,-1,,64
40,-1,,64
41,-1,,64
42,-1,,64
43,-1,,64
44,-1,,64
45,-1,,60
46,-1,,64
47,-1,,64
48,-1,,64
49,-1,,46
50,-1,,64
51,-1,,64
52,-1,,59
53,-1,,64
54,-1,,64
55,-1,,52
56,-1,,59
57,-1,,56
58,-1,,64
59,-1,,61
60,-1,,51
61,-1,,43
62,-1,,52
63,-1,,52
64,-1,,49
65,-1,,53
66,-1,,64
67,-1,,64
68,-1,,64
69,-1,,58
70,-1,,64
71,-1,,64
72,-1,,55
73,-1,,61
74,-1,,64
75,-1,,64
76,-1,,48
77,-1,,43
78,-1,,58
79,-1,,61
80,-1,,64
81,-1,,47
82,-1,,58
83,-1,,39
84,-1,,64
85,-1,,64
86,-1,,64
87,-1,,64
88,-1,,60
89,-1,,37
90,-1,,61
91,-1,,42
92,-1,,64
93,-1,,64
94,-1,,55
95,-1,,41
96,-1,,64
97,-1,,64
98,-1,,64
99,-1,,54
100,-1,,64
101,-1,,64
102,-1,,64
103,-1,,64
104,-1,,58
105,-1,,44
106,-1,,64
107,-1,,43
108,-1,,46
109,-1,,64
110,-1,,41
111,-1,,55
112,-1,,64
113,-1,,64
114,-1,,64
115,-1,,64
116,-1,,64
117,-1,,48
118,-1,,64
119,-1,,61
120,-1,,64
121,-1,,50
122,-1,,57
123,-1,,51
124,-1,,38
125,-1,,32
126,-1,,43
127,-1,,35
128,-1,,60
129,-1,,54
130,-1,,64
131,-1,,63
132,-1,,64
133,-1,,49
134,-1,,55
135,-1,,52
136,-1,,64
137,-1,,54
138,-1,,64
139,-1,,54
140,-1,,62
141,-1,,44
142,-1,,58
143,-1,,64
144,-1,,64
145,-1,,64
146,-1,,64
147,-1,,64
148,-1,,55
149,-1,,63
150,-1,,43
151,-1,,55
152,-1,,64
153,-1,,59
154,-1,,64
155,-1,,64
156,-1,,64
157,-1,,64
158,-1,,64
159,-1,,64
160,-1,,64
161,-1,,60
162,-1,,64
163,-1,,64
164,-1,,60
165,-1,,57
166,-1,,64
167,-1,,64
168,-1,,64
169,-1,,64
170,-1,,64
171,-1,,64
172,-1,,64
173,-1,,64
174,-1,,64
175,-1,,64
176,-1,,53
177,-1,,36
178,-1,,61
179,-1,,33
180,-1,,64
181,-1,,64
182,-1,,64
183,-1,,64
184,-1,,50
185,-1,,47
186,-1,,62
187,-1,,54
188,-1,,64
189,-1,,64
190,-1,,64
191,-1,,64
192,-1,,64
193,-1,,64
194,-1,,64
195,-1,,44
196,-1,,64
197,-1,,64
198,-1,,64
199,-1,,64
200,-1,,54
201,-1,,58
202,-1,,64
203,-1,,49
204,-1,,51
205,-1,,64
206,-1,,49
207,-1,,46
208,-1,,64
209,-1,,49
210,-1,,64
211,-1,,64
212,-1,,64
213,-1,,64
214,-1,,64
215,-1,,64
216,-1,,40
217,-1,,34
218,-1,,45
219,-1,,51
220,-1,,47
221,-1,,64
222,-1,,64
223,-1,,64
224,-1,,39
225,-1,,39
226,-1,,49
227,-1,,51
228,-1,,64
229,-1,,64
230,-1,,64
231,-1,,64
232,-1,,58
233,-1,,56
234,-1,,59
235,-1,,63
236,-1,,45
237,-1,,63
238,-1,,35
239,-1,,48
240,-1,,54
241,-1,,59
242,-1,,59
243,-1,,64
244,-1,,64
245,-1,,64
246,-1,,64
247,-1,,64
248,-1,,64
249,-1,,51
250,-1,,64
251,-1,,64
252,-1,,57
253,-1,,59
254,-1,,64
255,-1,,58
256,-1,,40
257,-1,,28
258,-1,,48
259,-1,,50
260,-1,,60
261,-1,,64
262,-1,,57
263,-1,,64
264,-1,,53
265,-1,,44
266,-1,,39
267,-1,,42
268,-1,,64
269,-1,,64
270,-1,,64
271,-1,,64
272,-1,,64
273,-1,,62
274,-1,,61
275,-1,,64
276,-1,,64
277,-1,,64
278,-1,,64
279,-1,,53
280,-1,,37
281,-1,,43
282,-1,,64
283,-1,,40
284,-1,,63
285,-1,,63
286,-1,,60
287,-1,,51
288,-1,,64
289,-1,,56
290,-1,,64
291,-1,,62
292,-1,,60
293,-1,,64
294,-1,,64
295,-1,,64
296,-1,,42
297,-1,,34
298,-1,,25
299,-1,,31
300,-1,,64
301,-1,,64
302,-1,,64
303,-1,,64
304,-1,,50
305,-1,,63
306,-1,,49
307,-1,,30
308,-1,,64
309,-1,,60
310,-1,,64
311,-1,,64
312,-1,,64
313,-1,,60
314,-1,,64
315,-1,,63
316,-1,,64
317,-1,,64
318,-1,,64
319,-1,,64
320,-1,,60
321,-1,,52
322,-1,,64
323,-1,,61
324,-1,,64
325,-1,,64
326,-1,,64
327,-1,,61
328,-1,,64
329,-1,,64
330,-1,,64
331,-1,,64
332,-1,,64
333,-1,,64
334,-1,,64
335,-1,,64
336,-1,,38
337,-1,,46
338,-1,,48
339,-1,,55
340,-1,,64
341,-1,,47
342,-1,,62
343,-1,,61
344,-1,,64
345,-1,,64
346,-1,,64
347,-1,,64
348,-1,,63
349,-1,,64
350,-1,,64
351,-1,,60
352,-1,,59
353,-1,,61
354,-1,,62
355,-1,,64
356,-1,,64
357,-1,,56
358,-1,,64
359,-1,,64
360,-1,,40
361,-1,,56
362,-1,,55
363,-1,,62
364,-1,,64
365,-1,,64
366,-1,,64
367,-1,,64
368,-1,,43
369,-1,,55
370,-1,,56
371,-1,,64
372,-1,,64
373,-1,,64
374,-1,,57
375,-1,,64
376,-1,,64
377,-1,,64
378,-1,,64
379,-1,,64
380,-1,,56
381,-1,,57
382,-1,,54
383,-1,,44
384,-1,,60
385,-1,,64
386,-1,,62
387,-1,,56
388,-1,,64
389,-1,,61
390,-1,,64
391,-1,,64
392,-1,,57
393,-1,,64
394,-1,,64
395,-1,,64
396,-1,,60
397,-1,,50
398,-1,,64
399,-1,,64
400,-1,,64
401,-1,,64
402,-1,,64
403,-1,,64
404,-1,,64
405,-1,,50
406,-1,,64
407,-1,,64
408,-1,,64
409,-1,,64
410,-1,,64
411,-1,,64
412,-1,,27
413,-1,,31
414,-1,,28
415,-1,,38
416,-1,,62
417,-1,,42
418,-1,,55
419,-1,,42
420,-1,,32
421,-1,,35
422,-1,,48
423,-1,,62
424,-1,,61
425,-1,,43
426,-1,,64
427,-1,,64
428,-1,,62
429,-1,,64
430,-1,,64
431,-1,,64
432,-1,,64
433,-1,,64
434,-1,,64
435,-1,,64
436,-1,,46
437,-1,,64
438,-1,,39
439,-1,,64
440,-1,,50
441,-1,,64
442,-1,,63
443,-1,,64
444,-1,,51
445,-1,,64
446,-1,,63
447,-1,,64
448,-1,,35
449,-1,,64
450,-1,,46
451,-1,,64
452,-1,,43
453,-1,,63
454,-1,,51
455,-1,,63
456,-1,,42
457,-1,,64
458,-1,,36
459,-1,,64
460,-1,,46
461,-1,,60
462,-1,,42
463,-1,,60
464,-1,,45
465,-1,,64
466,-1,,61
467,-1,,64
468,-1,,43
469,-1,,60
470,-1,,45
471,-1,,60
472,-1,,53
473,-1,,64
474,-1,,45
475,-1,,64
476,-1,,51
477,-1,,64
478,-1,,44
479,-1,,64
480,-1,,56
481,-1,,64
482,-1,,54
483,-1,,64
484,-1,,35
485,-1,,64
486,-1,,51
487,-1,,64
488,-1,,45
489,-1,,64
490,-1,,46
491,-1,,64
492,-1,,41
493,-1,,64
494,-1,,40
495,-1,,64
496,-1,,56
497,-1,,64
498,-1,,55
499,-1,,64
500,-1,,42
501,-1,,58
502,-1,,45
503,-1,,58
504,-1,,49
505,-1,,64
506,-1,,53
507,-1,,64
508,-1,,40
509,-1,,64
510,-1,,50
511,-1,,64
512,-1,,42
513,-1,,64
514,-1,,51
515,-1,,64
516,-1,,56
517,-1,,55
518,-1,,63
519,-1,,64
520,-1,,64
521,-1,,63
522,-1,,61
523,-1,,48
524,-1,,45
525,-1,,64
526,-1,,64
527,-1,,64
528,-1,,64
529,-1,,64
530,-1,,64
531,-1,,64
532,-1,,61
533,-1,,64
534,-1,,58
535,-1,,64
536,-1,,64
537,-1,,64
538,-1,,60
539,-1,,64
540,-1,,54
541,-1,,64
542,-1,,56
543,-1,,64
544,-1,,45
545,-1,,63
546,-1,,36
547,-1,,63
548,-1,,53
549,-1,,64
550,-1,,64
551,-1,,64
552,-1,,51
553,-1,,64
554,-1,,63
555,-1,,64
556,-1,,37
557,-1,,57
558,-1,,52
559,-1,,57
560,-1,,45
561,-1,,64
562,-1,,52
563,-1,,64
564,-1,,55
565,-1,,64
566,-1,,55
567,-1,,64
568,-1,,43
569,-1,,64
570,-1,,59
571,-1,,64
572,-1,,37
573,-1,,64
574,-1,,45
575,-1,,64
576,-1,,44
577,-1,,64
578,-1,,53
579,-1,,64
580,-1,,49
581,-1,,64
582,-1,,47
583,-1,,64
584,-1,,49
585,-1,,64
586,-1,,56
587,-1,,64
588,-1,,64
589,-1,,64
590,-1,,64
591,-1,,64
592,-1,,49
593,-1,,64
594,-1,,49
595,-1,,64
596,-1,,54
597,-1,,64
598,-1,,51
599,-1,,64
600,-1,,52
601,-1,,59
602,-1,,49
603,-1,,59
604,-1,,52
605,-1,,64
606,-1,,55
607,-1,,64
608,-1,,45
609,-1,,64
610,-1,,52
611,-1,,64
612,-1,,51
613,-1,,64
614,-1,,52
615,-1,,64
616,-1,,64
617,-1,,64
618,-1,,64
619,-1,,64
620,-1,,56
621,-1,,64
622,-1,,55
623,-1,,64
624,-1,,64
625,-1,,64
626,-1,,64
627,-1,,64
628,-1,,62
629,-1,,64
630,-1,,56
631,-1,,64
632,-1,,48
633,-1,,39
634,-1,,48
635,-1,,44
636,-1,,52
637,-1,,37
638,-1,,64
639,-1,,54
640,-1,,51
641,-1,,46
642,-1,,42
643,-1,,39
644,-1,,64
645,-1,,49
646,-1,,56
647,-1,,52
648,-1,,64
649,-1,,58
650,-1,,64
651,-1,,56
652,-1,,64
653,-1,,61
654,-1,,64
655,-1,,58
656,-1,,57
657,-1,,41
658,-1,,64
659,-1,,58
660,-1,,64
661,-1,,51
662,-1,,38
663,-1,,35
664,-1,,61
665,-1,,46
666,-1,,62
667,-1,,54
668,-1,,64
669,-1,,42
670,-1,,64
671,-1,,44
672,-1,,43
673,-1,,43
674,-1,,51
675,-1,,46
676,-1,,52
677,-1,,39
678,-1,,49
679,-1,,49
680,-1,,44
681,-1,,47
682,-1,,46
683,-1,,45
684,-1,,60
685,-1,,64
686,-1,,50
687,-1,,52
688,-1,,41
689,-1,,41
690,-1,,64
691,-1,,55
692,-1,,52
693,-1,,39
694,-1,,58
695,-1,,50
696,-1,,64
697,-1,,45
698,-1,,64
699,-1,,54
700,-1,,55
701,-1,,41
702,-1,,55
703,-1,,48
704,-1,,61
705,-1,,47
706,-1,,62
707,-1,,50
708,-1,,44
709,-1,,33
710,-1,,37
711,-1,,31
712,-1,,64
713,-1,,50
714,-1,,62
715,-1,,62
716,-1,,57
717,-1,,64
718,-1,,62
719,-1,,52
720,-1,,61
721,-1,,53
722,-1,,62
723,-1,,50
724,-1,,43
725,-1,,52
726,-1,,59
727,-1,,50
728,-1,,34
729,-1,,39
730,-1,,55
731,-1,,42
732,-1,,64
733,-1,,58
734,-1,,64
735,-1,,62
736,-1,,64
737,-1,,64
738,-1,,59
739,-1,,64
740,-1,,47
741,-1,,63
742,-1,,55
743,-1,,61
744,-1,,47
745,-1,,53
746,-1,,46
747,-1,,59
748,-1,,54
749,-1,,63
750,-1,,61
751,-1,,34
752,-1,,45
753,-1,,44
754,-1,,33
755,-1,,42
756,-1,,26
757,-1,,37
758,-1,,35
759,-1,,41
760,-1,,51
761,-1,,60
762,-1,,51
763,-1,,51
764,-1,,45
765,-1,,45
766,-1,,62
767,-1,,53
768,-1,,46
769,-1,,63
770,-1,,49
771,-1,,59
772,-1,,50
773,-1,,39
774,-1,,57
775,-1,,46
776,-1,,51
777,-1,,59
778,-1,,58
779,-1,,64
780,-1,,27
781,-1,,48
782,-1,,42
783,-1,,38
784,-1,,46
785,-1,,52
786,-1,,52
787,-1,,56
788,-1,,47
789,-1,,49
790,-1,,64
791,-1,,53
792,-1,,58
793,-1,,64
794,-1,,64
795,-1,,64
796,-1,,55
797,-1,,49
798,-1,,50
799,-1,,51
800,-1,,44
801,-1,,51
802,-1,,46
803,-1,,64
804,-1,,35
805,-1,,41
806,-1,,52
807,-1,,52
808,-1,,43
809,-1,,58
810,-1,,39
811,-1,,60
812,-1,,42
813,-1,,44
814,-1,,50
815,-1,,46
816,-1,,56
817,-1,,64
818,-1,,51
819,-1,,64
820,-1,,34
821,-1,,40
822,-1,,39
823,-1,,52
824,-1,,47
825,-1,,39
826,-1,,49
827,-1,,45
828,-1,,49
829,-1,,31
830,-1,,59
831,-1,,39
832,-1,,38
833,-1,,64
834,-1,,43
835,-1,,64
836,-1,,51
837,-1,,64
838,-1,,49
839,-1,,52
840,-1,,44
841,-1,,54
842,-1,,49
843,-1,,62
844,-1,,50
845,-1,,64
846,-1,,46
847,-1,,64
848,-1,,57
849,-1,,51
850,-1,,45
851,-1,,46
852,-1,,40
853,-1,,50
854,-1,,44
855,-1,,51
856,-1,,36
857,-1,,48
858,-1,,45
859,-1,,48
860,-1,,38
861,-1,,47
862,-1,,50
863,-1,,60
864,-1,,57
865,-1,,42
866,-1,,59
867,-1,,37
868,-1,,34
869,-1,,45
870,-1,,45
871,-1,,50
872,-1,,40
873,-1,,48
874,-1,,64
875,-1,,64
876,-1,,55
877,-1,,45
878,-1,,64
879,-1,,61
880,-1,,58
881,-1,,51
882,-1,,64
883,-1,,64
884,-1,,52
885,-1,,59
886,-1,,46
887,-1,,64
888,-1,,37
889,-1,,45
890,-1,,62
891,-1,,36
892,-1,,46
893,-1,,31
894,-1,,60
895,-1,,41
896,-1,,43
897,-1,,58
898,-1,,50
899,-1,,64
900,-1,,59
901,-1,,61
902,-1,,53
903,-1,,39
904,-1,,51
905,-1,,45
906,-1,,46
907,-1,,30
908,-1,,48
909,-1,,52
910,-1,,49
911,-1,,49
912,-1,,55
913,-1,,47
914,-1,,50
915,-1,,29
916,-1,,48
917,-1,,58
918,-1,,53
919,-1,,41
920,-1,,53
921,-1,,49
922,-1,,64
923,-1,,57
924,-1,,53
925,-1,,40
926,-1,,62
927,-1,,40
928,-1,,41
929,-1,,42
930,-1,,62
931,-1,,52
932,-1,,51
933,-1,,33
934,-1,,53
935,-1,,43
936,-1,,47
937,-1,,29
938,-1,,56
939,-1,,32
940,-1,,52
941,-1,,45
942,-1,,57
943,-1,,46
944,-1,,53
945,-1,,45
946,-1,,64
947,-1,,54
948,-1,,44
949,-1,,36
950,-1,,48
951,-1,,37
952,-1,,39
953,-1,,42
954,-1,,53
955,-1,,56
956,-1,,45
957,-1,,24
958,-1,,46
959,-1,,28
960,-1,,45
961,-1,,64
962,-1,,50
963,-1,,64
964,-1,,52
965,-1,,50
966,-1,,58
967,-1,,59
968,-1,,47
969,-1,,51
970,-1,,56
971,-1,,40
972,-1,,38
973,-1,,31
974,-1,,62
975,-1,,31
976,-1,,53
977,-1,,42
978,-1,,53
979,-1,,55
980,-1,,40
981,-1,,36
982,-1,,49
983,-1,,41
984,-1,,54
985,-1,,55
986,-1,,46
987,-1,,62
988,-1,,47
989,-1,,54
990,-1,,50
991,-1,,64
992,-1,,37
993,-1,,42
994,-1,,40
995,-1,,47
996,-1,,32
997,-1,,40
998,-1,,46
999,-1,,49
1000,-1,,48
1001,-1,,31
1002,-1,,59
1003,-1,,38
1004,-1,,41
1005,-1,,35
1006,-1,,44
1007,-1,,52
1008,-1,,39
1009,-1,,53
1010,-1,,54
1011,-1,,64
1012,-1,,34
1013,-1,,47
1014,-1,,39
1015,-1,,52
1016,-1,,36
1017,-1,,34
1018,-1,,40
1019,-1,,40
1020,-1,,46
1021,-1,,43
1022,-1,,43
1023,-1,,48
1024,-1,,46
1025,-1,,43
1026,-1,,47
1027,-1,,38
1028,-1,,58
1029,-1,,53
1030,-1,,57
1031,-1,,57
1032,-1,,50
1033,-1,,45
1034,-1,,58
1035,-1,,44
1036,-1,,39
1037,-1,,33
1038,-1,,41
1039,-1,,43
1040,-1,,45
1041,-1,,51
1042,-1,,55
1043,-1,,54
1044,-1,,39
1045,-1,,40
1046,-1,,44
1047,-1,,42
1048,-1,,49
1049,-1,,50
1050,-1,,54
1051,-1,,48
1052,-1,,42
1053,-1,,42
1054,-1,,54
1055,-1,,40
1056,-1,,44
1057,-1,,38
1058,-1,,57
1059,-1,,48
1060,-1,,47
1061,-1,,54
1062,-1,,43
1063,-1,,44
1064,-1,,45
1065,-1,,41
1066,-1,,58
1067,-1,,41
1068,-1,,45
1069,-1,,44
1070,-1,,58
1071,-1,,49
1072,-1,,64
1073,-1,,64
1074,-1,,59
1075,-1,,64
1076,-1,,38
1077,-1,,30
1078,-1,,53
1079,-1,,42
1080,-1,,31
1081,-1,,26
1082,-1,,35
1083,-1,,32
1084,-1,,41
1085,-1,,54
1086,-1,,52
1087,-1,,58
1088,-1,,44
1089,-1,,33
1090,-1,,47
1091,-1,,32
1092,-1,,54
1093,-1,,39
1094,-1,,56
1095,-1,,53
1096,-1,,42
1097,-1,,61
1098,-1,,50
1099,-1,,55
1100,-1,,40
1101,-1,,41
1102,-1,,52
1103,-1,,57
1104,-1,,48
1105,-1,,57
1106,-1,,50
1107,-1,,60
1108,-1,,53
1109,-1,,64
1110,-1,,60
1111,-1,,58
1112,-1,,40
1113,-1,,37
1114,-1,,48
1115,-1,,30
1116,-1,,39
1117,-1,,35
1118,-1,,44
1119,-1,,41
1120,-1,,37
1121,-1,,31
1122,-1,,40
1123,-1,,42
1124,-1,,53
1125,-1,,31
1126,-1,,51
1127,-1,,28
1128,-1,,41
1129,-1,,31
1130,-1,,42
1131,-1,,31
1132,-1,,46
1133,-1,,42
1134,-1,,48
1135,-1,,41
1136,-1,,39
1137,-1,,38
1138,-1,,42
1139,-1,,37
1140,-1,,49
1141,-1,,41
1142,-1,,47
1143,-1,,39
1144,-1,,52
1145,-1,,49
1146,-1,,43
1147,-1,,51
1148,-1,,51
1149,-1,,48
1150,-1,,53
1151,-1,,58
1152,-1,,41
1153,-1,,36
1154,-1,,52
1155,-1,,54
1156,-1,,44
1157,-1,,47
1158,-1,,60
1159,-1,,62
1160,-1,,43
1161,-1,,42
1162,-1,,40
1163,-1,,37
1164,-1,,45
1165,-1,,45
1166,-1,,45
1167,-1,,49
1168,-1,,38
1169,-1,,39
1170,-1,,47
1171,-1,,39
1172,-1,,38
1173,-1,,41
1174,-1,,38
1175,-1,,38
1176,-1,,41
1177,-1,,35
1178,-1,,50
1179,-1,,42
1180,-1,,53
1181,-1,,64
1182,-1,,64
1183,-1,,55
1184,-1,,43
1185,-1,,35
1186,-1,,43
1187,-1,,35
1188,-1,,49
1189,-1,,41
1190,-1,,47
1191,-1,,43
1192,-1,,45
1193,-1,,57
1194,-1,,41
1195,-1,,50
1196,-1,,47
1197,-1,,57
1198,-1,,52
1199,-1,,54
1200,-1,,44
1201,-1,,46
1202,-1,,36
1203,-1,,54
1204,-1,,40
1205,-1,,51
1206,-1,,46
1207,-1,,51
1208,-1,,31
1209,-1,,36
1210,-1,,45
1211,-1,,38
1212,-1,,38
1213,-1,,37
1214,-1,,47
1215,-1,,35
1216,-1,,35
1217,-1,,41
1218,-1,,37
1219,-1,,53
1220,-1,,40
1221,-1,,35
1222,-1,,44
1223,-1,,38
1224,-1,,48
1225,-1,,45
1226,-1,,64
1227,-1,,38
1228,-1,,40
1229,-1,,33
1230,-1,,46
1231,-1,,33
1232,-1,,37
1233,-1,,45
1234,-1,,50
1235,-1,,40
1236,-1,,50
1237,-1,,37
1238,-1,,52
1239,-1,,38
1240,-1,,52
1241,-1,,49
1242,-1,,57
1243,-1,,51
1244,-1,,40
1245,-1,,31
1246,-1,,44
1247,-1,,29
1248,-1,,35
1249,-1,,35
1250,-1,,48
1251,-1,,53
1252,-1,,50
1253,-1,,47
1254,-1,,53
1255,-1,,47
1256,-1,,41
1257,-1,,39
1258,-1,,41
1259,-1,,41
1260,-1,,51
1261,-1,,47
1262,-1,,49
1263,-1,,53
1264,-1,,47
1265,-1,,43
1266,-1,,47
1267,-1,,49
1268,-1,,42
1269,-1,,39
1270,-1,,41
1271,-1,,36
1272,-1,,48
1273,-1,,43
1274,-1,,57
1275,-1,,58
1276,-1,,43
1277,-1,,64
1278,-1,,51
1279,-1,,46
1280,-1,,44
1281,-1,,64
1282,-1,,53
1283,-1,,56
1284,-1,,49
1285,-1,,49
1286,-1,,49
1287,-1,,46
1288,-1,,42
1289,-1,,49
1290,-1,,56
1291,-1,,50
1292,-1,,48
1293,-1,,47
1294,-1,,35
1295,-1,,42
1296,-1,,40
1297,-1,,40
1298,-1,,64
1299,-1,,52
1300,-1,,36
1301,-1,,42
1302,-1,,52
1303,-1,,41
1304,-1,,42
1305,-1,,51
1306,-1,,40
1307,-1,,51
1308,-1,,49
1309,-1,,48
1310,-1,,37
1311,-1,,51
1312,-1,,64
1313,-1,,40
1314,-1,,46
1315,-1,,38
1316,-1,,48
1317,-1,,39
1318,-1,,64
1319,-1,,31
1320,-1,,37
1321,-1,,36
1322,-1,,44
1323,-1,,53
1324,-1,,28
1325,-1,,34
1326,-1,,40
1327,-1,,50
1328,-1,,36
1329,-1,,37
1330,-1,,40
1331,-1,,39
1332,-1,,64
1333,-1,,47
1334,-1,,40
1335,-1,,43
1336,-1,,59
1337,-1,,36
1338,-1,,43
1339,-1,,39
1340,-1,,48
1341,-1,,40
1342,-1,,48
1343,-1,,44
1344,-1,,57
1345,-1,,64
1346,-1,,47
1347,-1,,62
1348,-1,,53
1349,-1,,46
1350,-1,,41
1351,-1,,46
1352,-1,,57
1353,-1,,63
1354,-1,,60
1355,-1,,62
1356,-1,,58
1357,-1,,51
1358,-1,,36
1359,-1,,45
1360,-1,,34
1361,-1,,30
1362,-1,,35
1363,-1,,30
1364,-1,,52
1365,-1,,44
1366,-1,,45
1367,-1,,43
1368,-1,,64
1369,-1,,37
1370,-1,,54
1371,-1,,35
1372,-1,,45
1373,-1,,44
1374,-1,,41
1375,-1,,52
1376,-1,,41
1377,-1,,40
1378,-1,,45
1379,-1,,59
1380,-1,,38
1381,-1,,46
1382,-1,,39
1383,-1,,54
1384,-1,,36
1385,-1,,31
1386,-1,,38
1387,-1,,42
1388,-1,,40
1389,-1,,42
1390,-1,,52
1391,-1,,52
1392,-1,,54
1393,-1,,40
1394,-1,,47
1395,-1,,32
1396,-1,,52
1397,-1,,56
1398,-1,,49
1399,-1,,64
1400,-1,,64
1401,-1,,64
1402,-1,,64
1403,-1,,57
1404,-1,,64
1405,-1,,64
1406,-1,,64
1407,-1,,61
1408,-1,,44
1409,-1,,31
1410,-1,,54
1411,-1,,47
1412,-1,,42
1413,-1,,49
1414,-1,,55
1415,-1,,40
1416,-1,,44
1417,-1,,42
1418,-1,,43
1419,-1,,51
1420,-1,,54
1421,-1,,58
1422,-1,,55
1423,-1,,51
1424,-1,,44
1425,-1,,52
1426,-1,,59
1427,-1,,59
1428,-1,,44
1429,-1,,54
1430,-1,,63
1431,-1,,54
1432,-1,,52
1433,-1,,47
1434,-1,,49
1435,-1,,53
1436,-1,,40
1437,-1,,57
1438,-1,,56
1439,-1,,63
1440,-1,,44
1441,-1,,36
1442,-1,,46
1443,-1,,41
1444,-1,,42
1445,-1,,52
1446,-1,,41
1447,-1,,45
1448,-1,,54
1449,-1,,64
1450,-1,,52
1451,-1,,58
1452,-1,,47
1453,-1,,63
1454,-1,,47
1455,-1,,63
1456,-1,,48
1457,-1,,60
1458,-1,,54
1459,-1,,58
1460,-1,,48
1461,-1,,62
1462,-1,,51
1463,-1,,54
1464,-1,,52
1465,-1,,64
1466,-1,,51
1467,-1,,64
1468,-1,,37
1469,-1,,64
1470,-1,,51
1471,-1,,59
1472,-1,,43
1473,-1,,47
1474,-1,,47
1475,-1,,46
1476,-1,,64
1477,-1,,64
1478,-1,,64
1479,-1,,64
1480,-1,,64
1481,-1,,64
1482,-1,,64
1483,-1,,64
1484,-1,,49
1485,-1,,64
1486,-1,,49
1487,-1,,64
1488,-1,,64
1489,-1,,64
1490,-1,,64
1491,-1,,64
1492,-1,,53
1493,-1,,64
1494,-1,,53
1495,-1,,64
1496,-1,,64
1497,-1,,64
1498,-1,,64
1499,-1,,64
1500,-1,,64
1501,-1,,55
1502,-1,,64
1503,-1,,55
1504,-1,,63
1505,-1,,58
1506,-1,,55
1507,-1,,64
1508,-1,,44
1509,-1,,59
1510,-1,,56
1511,-1,,59
1512,-1,,64
1513,-1,,64
1514,-1,,64
1515,-1,,64
1516,-1,,64
1517,-1,,64
1518,-1,,64
1519,-1,,64
1520,-1,,36
1521,-1,,49
1522,-1,,42
1523,-1,,49
1524,-1,,64
1525,-1,,64
1526,-1,,52
1527,-1,,52
1528,-1,,64
1529,-1,,64
1530,-1,,64
1531,-1,,64
1532,-1,,64
1533,-1,,64
1534,-1,,64
1535,-1,,64
1536,-1,,61
1537,-1,,64
1538,-1,,61
1539,-1,,64
1540,-1,,64
1541,-1,,48
1542,-1,,64
1543,-1,,64
1544,-1,,64
1545,-1,,64
1546,-1,,64
1547,-1,,64
1548,-1,,62
1549,-1,,64
1550,-1,,64
1551,-1,,64
1552,-1,,64
1553,-1,,64
1554,-1,,64
1555,-1,,64
1556,-1,,41
1557,-1,,55
1558,-1,,57
1559,-1,,64
1560,-1,,59
1561,-1,,61
1562,-1,,64
1563,-1,,64
1564,-1,,57
1565,-1,,64
1566,-1,,64
1567,-1,,64
1568,-1,,55
1569,-1,,64
1570,-1,,64
1571,-1,,64
1572,-1,,64
1573,-1,,64
1574,-1,,64
1575,-1,,61
1576,-1,,43
1577,-1,,56
1578,-1,,44
1579,-1,,55
1580,-1,,56
1581,-1,,55
1582,-1,,59
1583,-1,,58
1584,-1,,55
1585,-1,,64
1586,-1,,64
1587,-1,,64
1588,-1,,44
1589,-1,,61
1590,-1,,51
1591,-1,,61
1592,-1,,39
1593,-1,,62
1594,-1,,51
1595,-1,,64
1596,-1,,63
1597,-1,,64
1598,-1,,62
1599,-1,,64
1600,-1,,37
1601,-1,,41
1602,-1,,53
1603,-1,,57
1604,-1,,52
1605,-1,,57
1606,-1,,57
1607,-1,,64
1608,-1,,53
1609,-1,,48
1610,-1,,53
1611,-1,,48
1612,-1,,56
1613,-1,,63
1614,-1,,64
1615,-1,,64
1616,-1,,64
1617,-1,,64
1618,-1,,64
1619,-1,,64
1620,-1,,64
1621,-1,,64
1622,-1,,64
1623,-1,,64
1624,-1,,48
1625,-1,,60
1626,-1,,59
1627,-1,,64
1628,-1,,51
1629,-1,,64
1630,-1,,64
1631,-1,,64
1632,-1,,56
1633,-1,,64
1634,-1,,64
1635,-1,,64
1636,-1,,64
1637,-1,,64
1638,-1,,64
1639,-1,,64
1640,-1,,64
1641,-1,,64
1642,-1,,64
1643,-1,,53
1644,-1,,64
1645,-1,,64
1646,-1,,64
1647,-1,,64
1648,-1,,64
1649,-1,,64
1650,-1,,64
1651,-1,,64
1652,-1,,59
1653,-1,,64
1654,-1,,64
1655,-1,,64
1656,-1,,49
1657,-1,,51
1658,-1,,49
1659,-1,,51
1660,-1,,64
1661,-1,,64
1662,-1,,64
1663,-1,,64
1664,-1,,54
1665,-1,,64
1666,-1,,64
1667,-1,,64
1668,-1,,51
1669,-1,,60
1670,-1,,59
1671,-1,,64
1672,-1,,64
1673,-1,,64
1674,-1,,64
1675,-1,,64
1676,-1,,59
1677,-1,,62
1678,-1,,59
1679,-1,,62
1680,-1,,64
1681,-1,,64
1682,-1,,64
1683,-1,,64
1684,-1,,55
1685,-1,,62
1686,-1,,55
1687,-1,,62
1688,-1,,52
1689,-1,,57
1690,-1,,52
1691,-1,,57
1692,-1,,58
1693,-1,,64
1694,-1,,64
1695,-1,,64
1696,-1,,52
1697,-1,,60
1698,-1,,50
1699,-1,,64
1700,-1,,52
1701,-1,,54
1702,-1,,53
1703,-1,,55
1704,-1,,64
1705,-1,,64
1706,-1,,64
1707,-1,,64
1708,-1,,64
1709,-1,,64
1710,-1,,64
1711,-1,,64
1712,-1,,64
1713,-1,,64
1714,-1,,64
1715,-1,,64
1716,-1,,51
1717,-1,,59
1718,-1,,51
1719,-1,,59
1720,-1,,60
1721,-1,,56
1722,-1,,62
1723,-1,,56
1724,-1,,64
1725,-1,,64
1726,-1,,64
1727,-1,,64
1728,-1,,63
1729,-1,,64
1730,-1,,63
1731,-1,,64
1732,-1,,64
1733,-1,,64
1734,-1,,64
1735,-1,,64
1736,-1,,58
1737,-1,,62
1738,-1,,64
1739,-1,,64
1740,-1,,57
1741,-1,,64
1742,-1,,64
1743,-1,,64
1744,-1,,64
1745,-1,,64
1746,-1,,64
1747,-1,,64
1748,-1,,62
1749,-1,,62
1750,-1,,64
1751,-1,,64
1752,-1,,62
1753,-1,,64
1754,-1,,62
1755,-1,,64
1756,-1,,56
1757,-1,,60
1758,-1,,56
1759,-1,,60
1760,-1,,64
1761,-1,,64
1762,-1,,64
1763,-1,,64
1764,-1,,64
1765,-1,,64
1766,-1,,64
1767,-1,,64
1768,-1,,60
1769,-1,,64
1770,-1,,64
1771,-1,,64
1772,-1,,64
1773,-1,,64
1774,-1,,64
1775,-1,,64
1776,-1,,54
1777,-1,,57
1778,-1,,64
1779,-1,,64
1780,-1,,50
1781,-1,,57
1782,-1,,63
1783,-1,,64
1784,-1,,55
1785,-1,,60
1786,-1,,55
1787,-1,,60
1788,-1,,48
1789,-1,,50
1790,-1,,59
1791,-1,,61
1792,-1,,55
1793,-1,,64
1794,-1,,55
1795,-1,,64
1796,-1,,41
1797,-1,,64
1798,-1,,43
1799,-1,,64
1800,-1,,61
1801,-1,,64
1802,-1,,64
1803,-1,,64
1804,-1,,64
1805,-1,,64
1806,-1,,57
1807,-1,,64
1808,-1,,51
1809,-1,,60
1810,-1,,51
1811,-1,,60
1812,-1,,63
1813,-1,,64
1814,-1,,63
1815,-1,,64
1816,-1,,64
1817,-1,,64
1818,-1,,64
1819,-1,,64
1820,-1,,42
1821,-1,,43
1822,-1,,58
1823,-1,,43
1824,-1,,43
1825,-1,,49
1826,-1,,43
1827,-1,,49
1828,-1,,64
1829,-1,,64
1830,-1,,64
1831,-1,,64
1832,-1,,45
1833,-1,,48
1834,-1,,45
1835,-1,,61
1836,-1,,41
1837,-1,,47
1838,-1,,41
1839,-1,,47
1840,-1,,63
1841,-1,,64
1842,-1,,64
1843,-1,,64
1844,-1,,52
1845,-1,,54
1846,-1,,44
1847,-1,,49
1848,-1,,59
1849,-1,,57
1850,-1,,59
1851,-1,,57
1852,-1,,58
1853,-1,,63
1854,-1,,57
1855,-1,,62
1856,-1,,36
1857,-1,,41
1858,-1,,51
1859,-1,,56
1860,-1,,52
1861,-1,,57
1862,-1,,59
1863,-1,,64
1864,-1,,54
1865,-1,,57
1866,-1,,64
1867,-1,,64
1868,-1,,49
1869,-1,,53
1870,-1,,64
1871,-1,,64
1872,-1,,63
1873,-1,,64
1874,-1,,64
1875,-1,,64
1876,-1,,58
1877,-1,,63
1878,-1,,57
1879,-1,,62
1880,-1,,46
1881,-1,,54
1882,-1,,64
1883,-1,,64
1884,-1,,47
1885,-1,,52
1886,-1,,58
1887,-1,,64
1888,-1,,51
1889,-1,,61
1890,-1,,52
1891,-1,,62
1892,-1,,64
1893,-1,,64
1894,-1,,64
1895,-1,,64
1896,-1,,64
1897,-1,,64
1898,-1,,64
1899,-1,,64
1900,-1,,43
1901,-1,,52
1902,-1,,51
1903,-1,,64
1904,-1,,64
1905,-1,,64
1906,-1,,64
1907,-1,,64
1908,-1,,58
1909,-1,,64
1910,-1,,57
1911,-1,,64
1912,-1,,53
1913,-1,,55
1914,-1,,51
1915,-1,,53
1916,-1,,51
1917,-1,,62
1918,-1,,64
1919,-1,,64
1920,-1,,64
1921,-1,,64
1922,-1,,64
1923,-1,,64
1924,-1,,51
1925,-1,,57
1926,-1,,64
1927,-1,,60
1928,-1,,54
1929,-1,,64
1930,-1,,61
1931,-1,,64
1932,-1,,63
1933,-1,,64
1934,-1,,64
1935,-1,,64
1936,-1,,53
1937,-1,,54
1938,-1,,58
1939,-1,,61
1940,-1,,54
1941,-1,,62
1942,-1,,54
1943,-1,,62
1944,-1,,63
1945,-1,,64
1946,-1,,63
1947,-1,,64
1948,-1,,47
1949,-1,,53
1950,-1,,61
1951,-1,,64
1952,-1,,52
1953,-1,,59
1954,-1,,64
1955,-1,,64
1956,-1,,52
1957,-1,,58
1958,-1,,52
1959,-1,,58
1960,-1,,64
1961,-1,,64
1962,-1,,62
1963,-1,,64
1964,-1,,64
1965,-1,,64
1966,-1,,64
1967,-1,,64
1968,-1,,64
1969,-1,,64
1970,-1,,64
1971,-1,,64
1972,-1,,49
1973,-1,,52
1974,-1,,49
1975,-1,,52
1976,-1,,46
1977,-1,,51
1978,-1,,46
1979,-1,,51
1980,-1,,52
1981,-1,,51
1982,-1,,62
1983,-1,,61
1984,-1,,59
1985,-1,,62
1986,-1,,59
1987,-1,,62
1988,-1,,49
1989,-1,,56
1990,-1,,57
1991,-1,,64
1992,-1,,47
1993,-1,,62
1994,-1,,47
1995,-1,,64
1996,-1,,44
1997,-1,,48
1998,-1,,60
1999,-1,,63
2000,-1,,52
2001,-1,,61
2002,-1,,52
2003,-1,,61
2004,-1,,51
2005,-1,,57
2006,-1,,56
2007,-1,,62
2008,-1,,63
2009,-1,,59
2010,-1,,60
2011,-1,,64
2012,-1,,64
2013,-1,,64
2014,-1,,54
2015,-1,,64
2016,-1,,48
2017,-1,,56
2018,-1,,50
2019,-1,,64
2020,-1,,45
2021,-1,,54
2022,-1,,54
2023,-1,,63
2024,-1,,52
2025,-1,,64
2026,-1,,64
2027,-1,,64
2028,-1,,39
2029,-1,,48
2030,-1,,36
2031,-1,,45
2032,-1,,64
2033,-1,,64
2034,-1,,64
2035,-1,,64
2036,-1,,64
2037,-1,,64
2038,-1,,64
2039,-1,,64
2040,-1,,63
2041,-1,,64
2042,-1,,64
2043,-1,,64
2044,-1,,49
2045,-1,,56
2046,-1,,62
2047,-1,,64
2048,-1,,64
2049,-1,,64
2050,-1,,64
2051,-1,,64
2052,-1,,64
2053,-1,,64
2054,-1,,64
2055,-1,,64
2056,-1,,54
2057,-1,,63
2058,-1,,64
2059,-1,,64
2060,-1,,57
2061,-1,,62
2062,-1,,57
2063,-1,,62
2064,-1,,63
2065,-1,,64
2066,-1,,61
2067,-1,,64
2068,-1,,56
2069,-1,,64
2070,-1,,64
2071,-1,,64
2072,-1,,51
2073,-1,,56
2074,-1,,53
2075,-1,,56
2076,-1,,52
2077,-1,,60
2078,-1,,59
2079,-1,,64
2080,-1,,64
2081,-1,,64
2082,-1,,64
2083,-1,,64
2084,-1,,53
2085,-1,,56
2086,-1,,64
2087,-1,,64
2088,-1,,49
2089,-1,,63
2090,-1,,60
2091,-1,,64
2092,-1,,57
2093,-1,,59
2094,-1,,64
2095,-1,,64
2096,-1,,49
2097,-1,,58
2098,-1,,64
2099,-1,,64
2100,-1,,60
2101,-1,,64
2102,-1,,64
2103,-1,,64
2104,-1,,64
2105,-1,,64
2106,-1,,64
2107,-1,,64
2108,-1,,44
2109,-1,,50
2110,-1,,52
2111,-1,,55
2112,-1,,64
2113,-1,,64
2114,-1,,64
2115,-1,,64
2116,-1,,64
2117,-1,,64
2118,-1,,64
2119,-1,,64
2120,-1,,64
2121,-1,,64
2122,-1,,64
2123,-1,,64
2124,-1,,49
2125,-1,,55
2126,-1,,64
2127,-1,,64
2128,-1,,58
2129,-1,,60
2130,-1,,64
2131,-1,,64
2132,-1,,60
2133,-1,,64
2134,-1,,64
2135,-1,,64
2136,-1,,64
2137,-1,,64
2138,-1,,64
2139,-1,,64
2140,-1,,64
2141,-1,,64
2142,-1,,64
2143,-1,,64
2144,-1,,64
2145,-1,,64
2146,-1,,64
2147,-1,,64
2148,-1,,64
2149,-1,,64
2150,-1,,64
2151,-1,,64
2152,-1,,44
2153,-1,,52
2154,-1,,41
2155,-1,,46
2156,-1,,50
2157,-1,,53
2158,-1,,50
2159,-1,,53
2160,-1,,58
2161,-1,,64
2162,-1,,45
2163,-1,,54
2164,-1,,59
2165,-1,,62
2166,-1,,57
2167,-1,,57
2168,-1,,64
2169,-1,,64
2170,-1,,64
2171,-1,,64
2172,-1,,64
2173,-1,,64
2174,-1,,64
2175,-1,,64
2176,-1,,42
2177,-1,,46
2178,-1,,51
2179,-1,,54
2180,-1,,60
2181,-1,,63
2182,-1,,47
2183,-1,,50
2184,-1,,64
2185,-1,,64
2186,-1,,54
2187,-1,,62
2188,-1,,64
2189,-1,,64
2190,-1,,61
2191,-1,,64
2192,-1,,56
2193,-1,,61
2194,-1,,44
2195,-1,,49
2196,-1,,64
2197,-1,,64
2198,-1,,64
2199,-1,,64
2200,-1,,62
2201,-1,,61
2202,-1,,62
2203,-1,,64
2204,-1,,62
2205,-1,,64
2206,-1,,64
2207,-1,,64
2208,-1,,56
2209,-1,,61
2210,-1,,57
2211,-1,,62
2212,-1,,52
2213,-1,,59
2214,-1,,52
2215,-1,,59
2216,-1,,64
2217,-1,,64
2218,-1,,64
2219,-1,,64
2220,-1,,47
2221,-1,,51
2222,-1,,50
2223,-1,,54
2224,-1,,55
2225,-1,,64
2226,-1,,64
2227,-1,,64
2228,-1,,49
2229,-1,,57
2230,-1,,64
2231,-1,,64
2232,-1,,57
2233,-1,,64
2234,-1,,44
2235,-1,,55
2236,-1,,54
2237,-1,,54
2238,-1,,64
2239,-1,,64
2240,-1,,64
2241,-1,,64
2242,-1,,64
2243,-1,,64
2244,-1,,59
2245,-1,,64
2246,-1,,48
2247,-1,,58
2248,-1,,51
2249,-1,,60
2250,-1,,49
2251,-1,,56
2252,-1,,45
2253,-1,,64
2254,-1,,64
2255,-1,,64
2256,-1,,63
2257,-1,,64
2258,-1,,64
2259,-1,,64
2260,-1,,61
2261,-1,,64
2262,-1,,63
2263,-1,,64
2264,-1,,64
2265,-1,,64
2266,-1,,64
2267,-1,,64
2268,-1,,64
2269,-1,,64
2270,-1,,62
2271,-1,,64
2272,-1,,56
2273,-1,,64
2274,-1,,64
2275,-1,,64
2276,-1,,64
2277,-1,,64
2278,-1,,64
2279,-1,,64
2280,-1,,43
2281,-1,,58
2282,-1,,52
2283,-1,,64
2284,-1,,62
2285,-1,,64
2286,-1,,60
2287,-1,,64
2288,-1,,57
2289,-1,,64
2290,-1,,64
2291,-1,,64
2292,-1,,50
2293,-1,,64
2294,-1,,49
2295,-1,,64
2296,-1,,49
2297,-1,,63
2298,-1,,54
2299,-1,,64
2300,-1,,64
2301,-1,,64
2302,-1,,64
2303,-1,,64
2304,-1,,57
2305,-1,,64
2306,-1,,49
2307,-1,,56
2308,-1,,45
2309,-1,,52
2310,-1,,61
2311,-1,,64
2312,-1,,45
2313,-1,,49
2314,-1,,50
2315,-1,,54
2316,-1,,52
2317,-1,,64
2318,-1,,64
2319,-1,,64
2320,-1,,46
2321,-1,,64
2322,-1,,52
2323,-1,,64
2324,-1,,46
2325,-1,,64
2326,-1,,46
2327,-1,,64
2328,-1,,64
2329,-1,,64
2330,-1,,64
2331,-1,,64
2332,-1,,60
2333,-1,,64
2334,-1,,44
2335,-1,,64
2336,-1,,46
2337,-1,,64
2338,-1,,55
2339,-1,,64
2340,-1,,62
2341,-1,,64
2342,-1,,64
2343,-1,,64
2344,-1,,64
2345,-1,,64
2346,-1,,64
2347,-1,,64
2348,-1,,43
2349,-1,,64
2350,-1,,40
2351,-1,,64
2352,-1,,64
2353,-1,,52
2354,-1,,64
2355,-1,,62
2356,-1,,58
2357,-1,,64
2358,-1,,45
2359,-1,,52
2360,-1,,36
2361,-1,,45
2362,-1,,45
2363,-1,,54
2364,-1,,42
2365,-1,,46
2366,-1,,42
2367,-1,,46
2368,-1,,36
2369,-1,,43
2370,-1,,44
2371,-1,,56
2372,-1,,45
2373,-1,,60
2374,-1,,45
2375,-1,,64
2376,-1,,46
2377,-1,,46
2378,-1,,46
2379,-1,,60
2380,-1,,60
2381,-1,,64
2382,-1,,64
2383,-1,,64
2384,-1,,64
2385,-1,,62
2386,-1,,64
2387,-1,,62
2388,-1,,64
2389,-1,,64
2390,-1,,64
2391,-1,,64
2392,-1,,53
2393,-1,,54
2394,-1,,52
2395,-1,,54
2396,-1,,64
2397,-1,,64
2398,-1,,64
2399,-1,,64
2400,-1,,64
2401,-1,,64
2402,-1,,61
2403,-1,,64
2404,-1,,36
2405,-1,,63
2406,-1,,36
2407,-1,,63
2408,-1,,58
2409,-1,,64
2410,-1,,58
2411,-1,,64
2412,-1,,51
2413,-1,,61
2414,-1,,64
2415,-1,,61
2416,-1,,52
2417,-1,,57
2418,-1,,64
2419,-1,,64
2420,-1,,44
2421,-1,,64
2422,-1,,44
2423,-1,,62
2424,-1,,51
2425,-1,,64
2426,-1,,61
2427,-1,,64
2428,-1,,64
2429,-1,,64
2430,-1,,64
2431,-1,,64
2432,-1,,55
2433,-1,,64
2434,-1,,61
2435,-1,,64
2436,-1,,64
2437,-1,,64
2438,-1,,64
2439,-1,,64
2440,-1,,64
2441,-1,,64
2442,-1,,64
2443,-1,,64
2444,-1,,64
2445,-1,,64
2446,-1,,64
2447,-1,,64
2448,-1,,64
2449,-1,,64
2450,-1,,60
2451,-1,,50
2452,-1,,60
2453,-1,,64
2454,-1,,60
2455,-1,,64
2456,-1,,64
2457,-1,,64
2458,-1,,64
2459,-1,,64
2460,-1,,58
2461,-1,,64
2462,-1,,64
2463,-1,,64
2464,-1,,58
2465,-1,,64
2466,-1,,64
2467,-1,,64
2468,-1,,55
2469,-1,,63
2470,-1,,64
2471,-1,,62
2472,-1,,52
2473,-1,,64
2474,-1,,59
2475,-1,,64
2476,-1,,56
2477,-1,,64
2478,-1,,56
2479,-1,,64
2480,-1,,64
2481,-1,,64
2482,-1,,52
2483,-1,,64
2484,-1,,44
2485,-1,,52
2486,-1,,47
2487,-1,,52
2488,-1,,61
2489,-1,,64
2490,-1,,60
2491,-1,,58
2492,-1,,64
2493,-1,,64
2494,-1,,64
2495,-1,,64
2496,-1,,62
2497,-1,,64
2498,-1,,64
2499,-1,,64
2500,-1,,64
2501,-1,,62
2502,-1,,64
2503,-1,,64
2504,-1,,49
2505,-1,,64
2506,-1,,61
2507,-1,,64
2508,-1,,64
2509,-1,,64
2510,-1,,63
2511,-1,,64
2512,-1,,64
2513,-1,,64
2514,-1,,64
2515,-1,,64
2516,-1,,51
2517,-1,,64
2518,-1,,47
2519,-1,,64
2520,-1,,59
2521,-1,,64
2522,-1,,64
2523,-1,,64
2524,-1,,64
2525,-1,,64
2526,-1,,64
2527,-1,,64
2528,-1,,49
2529,-1,,64
2530,-1,,64
2531,-1,,64
2532,-1,,64
2533,-1,,64
2534,-1,,64
2535,-1,,64
2536,-1,,61
2537,-1,,64
2538,-1,,64
2539,-1,,64
2540,-1,,50
2541,-1,,64
2542,-1,,46
2543,-1,,64
2544,-1,,36
2545,-1,,53
2546,-1,,30
2547,-1,,53
2548,-1,,49
2549,-1,,64
2550,-1,,56
2551,-1,,64
2552,-1,,40
2553,-1,,64
2554,-1,,54
2555,-1,,64
2556,-1,,54
2557,-1,,64
2558,-1,,49
2559,-1,,64
2560,-1,,47
2561,-1,,35
2562,-1,,64
2563,-1,,51
2564,-1,,56
2565,-1,,64
2566,-1,,46
2567,-1,,64
2568,-1,,61
2569,-1,,64
2570,-1,,60
2571,-1,,64
2572,-1,,64
2573,-1,,64
2574,-1,,64
2575,-1,,64
2576,-1,,51
2577,-1,,61
2578,-1,,58
2579,-1,,61
2580,-1,,35
2581,-1,,55
2582,-1,,56
2583,-1,,55
2584,-1,,64
2585,-1,,64
2586,-1,,64
2587,-1,,64
2588,-1,,50
2589,-1,,64
2590,-1,,63
2591,-1,,64
2592,-1,,64
2593,-1,,64
2594,-1,,64
2595,-1,,64
2596,-1,,63
2597,-1,,64
2598,-1,,64
2599,-1,,64
2600,-1,,52
2601,-1,,64
2602,-1,,64
2603,-1,,64
2604,-1,,54
2605,-1,,64
2606,-1,,48
2607,-1,,64
2608,-1,,63
2609,-1,,64
2610,-1,,64
2611,-1,,64
2612,-1,,61
2613,-1,,64
2614,-1,,64
2615,-1,,64
2616,-1,,39
2617,-1,,64
2618,-1,,64
2619,-1,,64
2620,-1,,54
2621,-1,,64
2622,-1,,60
2623,-1,,64
2624,-1,,40
2625,-1,,64
2626,-1,,37
2627,-1,,64
2628,-1,,60
2629,-1,,64
2630,-1,,58
2631,-1,,64
2632,-1,,64
2633,-1,,64
2634,-1,,64
2635,-1,,64
2636,-1,,64
2637,-1,,64
2638,-1,,64
2639,-1,,64
2640,-1,,54
2641,-1,,64
2642,-1,,51
2643,-1,,64
2644,-1,,61
2645,-1,,57
2646,-1,,39
2647,-1,,38
2648,-1,,61
2649,-1,,64
2650,-1,,64
2651,-1,,64
2652,-1,,64
2653,-1,,64
2654,-1,,64
2655,-1,,64
2656,-1,,41
2657,-1,,57
2658,-1,,49
2659,-1,,57
2660,-1,,50
2661,-1,,64
2662,-1,,59
2663,-1,,64
2664,-1,,64
2665,-1,,64
2666,-1,,63
2667,-1,,64
2668,-1,,62
2669,-1,,64
2670,-1,,62
2671,-1,,64
2672,-1,,28
2673,-1,,53
2674,-1,,36
2675,-1,,53
2676,-1,,54
2677,-1,,64
2678,-1,,64
2679,-1,,64
2680,-1,,62
2681,-1,,64
2682,-1,,55
2683,-1,,64
2684,-1,,64
2685,-1,,64
2686,-1,,64
2687,-1,,64
2688,-1,,51
2689,-1,,64
2690,-1,,48
2691,-1,,64
2692,-1,,53
2693,-1,,53
2694,-1,,64
2695,-1,,53
2696,-1,,59
2697,-1,,64
2698,-1,,64
2699,-1,,64
2700,-1,,44
2701,-1,,43
2702,-1,,52
2703,-1,,52
2704,-1,,47
2705,-1,,64
2706,-1,,60
2707,-1,,64
2708,-1,,44
2709,-1,,59
2710,-1,,44
2711,-1,,59
2712,-1,,64
2713,-1,,64
2714,-1,,64
2715,-1,,64
2716,-1,,64
2717,-1,,64
2718,-1,,64
2719,-1,,64
2720,-1,,64
2721,-1,,64
2722,-1,,64
2723,-1,,64
2724,-1,,64
2725,-1,,64
2726,-1,,64
2727,-1,,64
2728,-1,,64
2729,-1,,64
2730,-1,,64
2731,-1,,64
2732,-1,,62
2733,-1,,64
2734,-1,,64
2735,-1,,64
2736,-1,,48
2737,-1,,54
2738,-1,,50
2739,-1,,54
2740,-1,,64
2741,-1,,64
2742,-1,,64
2743,-1,,64
2744,-1,,43
2745,-1,,56
2746,-1,,46
2747,-1,,56
2748,-1,,48
2749,-1,,63
2750,-1,,53
2751,-1,,64
2752,-1,,64
2753,-1,,64
2754,-1,,64
2755,-1,,64
2756,-1,,64
2757,-1,,64
2758,-1,,64
2759,-1,,64
2760,-1,,40
2761,-1,,54
2762,-1,,39
2763,-1,,54
2764,-1,,64
2765,-1,,64
2766,-1,,64
2767,-1,,64
2768,-1,,64
2769,-1,,64
2770,-1,,64
2771,-1,,64
2772,-1,,54
2773,-1,,64
2774,-1,,61
2775,-1,,64
2776,-1,,64
2777,-1,,64
2778,-1,,64
2779,-1,,64
2780,-1,,37
2781,-1,,56
2782,-1,,42
2783,-1,,64
2784,-1,,61
2785,-1,,64
2786,-1,,58
2787,-1,,64
2788,-1,,56
2789,-1,,64
2790,-1,,55
2791,-1,,64
2792,-1,,62
2793,-1,,64
2794,-1,,64
2795,-1,,64
2796,-1,,44
2797,-1,,57
2798,-1,,64
2799,-1,,60
2800,-1,,59
2801,-1,,64
2802,-1,,64
2803,-1,,64
2804,-1,,64
2805,-1,,64
2806,-1,,64
2807,-1,,64
2808,-1,,46
2809,-1,,52
2810,-1,,48
2811,-1,,52
2812,-1,,60
2813,-1,,64
2814,-1,,64
2815,-1,,64
2816,-1,,59
2817,-1,,64
2818,-1,,58
2819,-1,,64
2820,-1,,64
2821,-1,,64
2822,-1,,64
2823,-1,,64
2824,-1,,34
2825,-1,,40
2826,-1,,37
2827,-1,,40
2828,-1,,64
2829,-1,,64
2830,-1,,64
2831,-1,,64
2832,-1,,64
2833,-1,,64
2834,-1,,64
2835,-1,,64
2836,-1,,64
2837,-1,,64
2838,-1,,64
2839,-1,,64
2840,-1,,44
2841,-1,,64
2842,-1,,47
2843,-1,,64
2844,-1,,58
2845,-1,,64
2846,-1,,62
2847,-1,,64
2848,-1,,64
2849,-1,,64
2850,-1,,61
2851,-1,,64
2852,-1,,47
2853,-1,,44
2854,-1,,44
2855,-1,,42
2856,-1,,55
2857,-1,,64
2858,-1,,45
2859,-1,,64
2860,-1,,64
2861,-1,,64
2862,-1,,56
2863,-1,,64
2864,-1,,60
2865,-1,,64
2866,-1,,56
2867,-1,,64
2868,-1,,64
2869,-1,,64
2870,-1,,64
2871,-1,,64
2872,-1,,64
2873,-1,,64
2874,-1,,64
2875,-1,,64
2876,-1,,56
2877,-1,,64
2878,-1,,49
2879,-1,,64
2880,-1,,64
2881,-1,,64
2882,-1,,64
2883,-1,,64
2884,-1,,49
2885,-1,,64
2886,-1,,57
2887,-1,,64
2888,-1,,48
2889,-1,,61
2890,-1,,50
2891,-1,,61
2892,-1,,37
2893,-1,,64
2894,-1,,37
2895,-1,,64
2896,-1,,59
2897,-1,,64
2898,-1,,47
2899,-1,,64
2900,-1,,64
2901,-1,,64
2902,-1,,60
2903,-1,,64
2904,-1,,40
2905,-1,,54
2906,-1,,53
2907,-1,,54
2908,-1,,42
2909,-1,,48
2910,-1,,43
2911,-1,,48
2912,-1,,64
2913,-1,,64
2914,-1,,64
2915,-1,,64
2916,-1,,46
2917,-1,,64
2918,-1,,53
2919,-1,,64
2920,-1,,62
2921,-1,,64
2922,-1,,52
2923,-1,,64
2924,-1,,64
2925,-1,,64
2926,-1,,64
2927,-1,,64
2928,-1,,43
2929,-1,,64
2930,-1,,56
2931,-1,,64
2932,-1,,52
2933,-1,,64
2934,-1,,59
2935,-1,,52
2936,-1,,58
2937,-1,,64
2938,-1,,44
2939,-1,,64
2940,-1,,52
2941,-1,,64
2942,-1,,51
2943,-1,,64
2944,-1,,53
2945,-1,,64
2946,-1,,53
2947,-1,,64
2948,-1,,40
2949,-1,,64
2950,-1,,38
2951,-1,,64
2952,-1,,49
2953,-1,,64
2954,-1,,51
2955,-1,,64
2956,-1,,32
2957,-1,,49
2958,-1,,36
2959,-1,,49
2960,-1,,64
2961,-1,,64
2962,-1,,64
2963,-1,,64
2964,-1,,57
2965,-1,,64
2966,-1,,47
2967,-1,,64
2968,-1,,64
2969,-1,,64
2970,-1,,64
2971,-1,,64
2972,-1,,45
2973,-1,,64
2974,-1,,45
2975,-1,,64
2976,-1,,52
2977,-1,,64
2978,-1,,62
2979,-1,,64
2980,-1,,64
2981,-1,,64
2982,-1,,58
2983,-1,,64
2984,-1,,55
2985,-1,,64
2986,-1,,54
2987,-1,,64
2988,-1,,49
2989,-1,,64
2990,-1,,52
2991,-1,,64
2992,-1,,64
2993,-1,,64
2994,-1,,62
2995,-1,,64
2996,-1,,51
2997,-1,,51
2998,-1,,37
2999,-1,,61
3000,-1,,39
3001,-1,,56
3002,-1,,33
3003,-1,,36
3004,-1,,64
3005,-1,,58
3006,-1,,53
3007,-1,,64
3008,-1,,43
3009,-1,,60
3010,-1,,45
3011,-1,,46
3012,-1,,60
3013,-1,,42
3014,-1,,64
3015,-1,,56
3016,-1,,61
3017,-1,,64
3018,-1,,57
3019,-1,,47
3020,-1,,40
3021,-1,,64
3022,-1,,53
3023,-1,,43
3024,-1,,46
3025,-1,,64
3026,-1,,51
3027,-1,,47
3028,-1,,50
3029,-1,,64
3030,-1,,49
3031,-1,,50
3032,-1,,54
3033,-1,,61
3034,-1,,51
3035,-1,,56
3036,-1,,55
3037,-1,,64
3038,-1,,58
3039,-1,,48
3040,-1,,33
3041,-1,,48
3042,-1,,36
3043,-1,,45
3044,-1,,51
3045,-1,,43
3046,-1,,46
3047,-1,,41
3048,-1,,57
3049,-1,,44
3050,-1,,55
3051,-1,,46
3052,-1,,32
3053,-1,,42
3054,-1,,39
3055,-1,,37
3056,-1,,52
3057,-1,,64
3058,-1,,61
3059,-1,,56
3060,-1,,33
3061,-1,,48
3062,-1,,38
3063,-1,,40
3064,-1,,64
3065,-1,,64
3066,-1,,58
3067,-1,,64
3068,-1,,59
3069,-1,,55
3070,-1,,54
3071,-1,,54
3072,-1,,64
3073,-1,,64
3074,-1,,64
3075,-1,,50
3076,-1,,45
3077,-1,,56
3078,-1,,49
3079,-1,,47
3080,-1,,38
3081,-1,,46
3082,-1,,36
3083,-1,,41
3084,-1,,50
3085,-1,,63
3086,-1,,54
3087,-1,,62
3088,-1,,58
3089,-1,,64
3090,-1,,61
3091,-1,,49
3092,-1,,39
3093,-1,,57
3094,-1,,40
3095,-1,,41
3096,-1,,39
3097,-1,,54
3098,-1,,58
3099,-1,,45
3100,-1,,41
3101,-1,,51
3102,-1,,33
3103,-1,,43
3104,-1,,55
3105,-1,,64
3106,-1,,60
3107,-1,,64
3108,-1,,55
3109,-1,,64
3110,-1,,59
3111,-1,,64
3112,-1,,57
3113,-1,,64
3114,-1,,64
3115,-1,,54
3116,-1,,56
3117,-1,,64
3118,-1,,58
3119,-1,,50
3120,-1,,48
3121,-1,,51
3122,-1,,58
3123,-1,,49
3124,-1,,40
3125,-1,,35
3126,-1,,33
3127,-1,,30
3128,-1,,60
3129,-1,,64
3130,-1,,64
3131,-1,,60
3132,-1,,64
3133,-1,,64
3134,-1,,60
3135,-1,,60
3136,-1,,52
3137,-1,,64
3138,-1,,49
3139,-1,,52
3140,-1,,43
3141,-1,,64
3142,-1,,42
3143,-1,,48
3144,-1,,42
3145,-1,,64
3146,-1,,46
3147,-1,,61
3148,-1,,53
3149,-1,,64
3150,-1,,48
3151,-1,,55
3152,-1,,59
3153,-1,,45
3154,-1,,51
3155,-1,,53
3156,-1,,40
3157,-1,,52
3158,-1,,39
3159,-1,,51
3160,-1,,48
3161,-1,,46
3162,-1,,52
3163,-1,,53
3164,-1,,31
3165,-1,,43
3166,-1,,42
3167,-1,,28
3168,-1,,52
3169,-1,,42
3170,-1,,46
3171,-1,,50
3172,-1,,64
3173,-1,,64
3174,-1,,64
3175,-1,,49
3176,-1,,51
3177,-1,,32
3178,-1,,52
3179,-1,,46
3180,-1,,64
3181,-1,,57
3182,-1,,64
3183,-1,,52
3184,-1,,56
3185,-1,,44
3186,-1,,57
3187,-1,,52
3188,-1,,52
3189,-1,,39
3190,-1,,55
3191,-1,,53
3192,-1,,64
3193,-1,,55
3194,-1,,57
3195,-1,,63
3196,-1,,64
3197,-1,,49
3198,-1,,60
3199,-1,,60
3200,-1,,30
3201,-1,,29
3202,-1,,32
3203,-1,,34
3204,-1,,60
3205,-1,,50
3206,-1,,46
3207,-1,,53
3208,-1,,60
3209,-1,,51
3210,-1,,58
3211,-1,,56
3212,-1,,41
3213,-1,,42
3214,-1,,47
3215,-1,,43
3216,-1,,63
3217,-1,,51
3218,-1,,53
3219,-1,,64
3220,-1,,27
3221,-1,,37
3222,-1,,30
3223,-1,,28
3224,-1,,37
3225,-1,,37
3226,-1,,62
3227,-1,,53
3228,-1,,56
3229,-1,,46
3230,-1,,64
3231,-1,,53
3232,-1,,51
3233,-1,,41
3234,-1,,53
3235,-1,,40
3236,-1,,63
3237,-1,,49
3238,-1,,58
3239,-1,,58
3240,-1,,45
3241,-1,,44
3242,-1,,42
3243,-1,,34
3244,-1,,59
3245,-1,,54
3246,-1,,52
3247,-1,,64
3248,-1,,57
3249,-1,,55
3250,-1,,57
3251,-1,,57
3252,-1,,64
3253,-1,,47
3254,-1,,64
3255,-1,,54
3256,-1,,42
3257,-1,,45
3258,-1,,46
3259,-1,,46
3260,-1,,64
3261,-1,,55
3262,-1,,64
3263,-1,,61
3264,-1,,47
3265,-1,,55
3266,-1,,47
3267,-1,,49
3268,-1,,47
3269,-1,,50
3270,-1,,55
3271,-1,,44
3272,-1,,45
3273,-1,,55
3274,-1,,64
3275,-1,,63
3276,-1,,40
3277,-1,,36
3278,-1,,61
3279,-1,,37
3280,-1,,64
3281,-1,,64
3282,-1,,64
3283,-1,,64
3284,-1,,51
3285,-1,,55
3286,-1,,61
3287,-1,,38
3288,-1,,54
3289,-1,,54
3290,-1,,64
3291,-1,,57
3292,-1,,64
3293,-1,,61
3294,-1,,62
3295,-1,,63
3296,-1,,39
3297,-1,,42
3298,-1,,39
3299,-1,,38
3300,-1,,43
3301,-1,,52
3302,-1,,57
3303,-1,,44
3304,-1,,59
3305,-1,,38
3306,-1,,60
3307,-1,,62
3308,-1,,64
3309,-1,,54
3310,-1,,64
3311,-1,,64
3312,-1,,61
3313,-1,,63
3314,-1,,52
3315,-1,,60
3316,-1,,53
3317,-1,,39
3318,-1,,51
3319,-1,,50
3320,-1,,64
3321,-1,,63
3322,-1,,64
3323,-1,,62
3324,-1,,64
3325,-1,,43
3326,-1,,60
3327,-1,,64
3328,-1,,34
3329,-1,,41
3330,-1,,38
3331,-1,,43
3332,-1,,64
3333,-1,,64
3334,-1,,57
3335,-1,,64
3336,-1,,35
3337,-1,,40
3338,-1,,34
3339,-1,,38
3340,-1,,47
3341,-1,,49
3342,-1,,46
3343,-1,,53
3344,-1,,52
3345,-1,,49
3346,-1,,49
3347,-1,,52
3348,-1,,57
3349,-1,,52
3350,-1,,53
3351,-1,,52
3352,-1,,59
3353,-1,,47
3354,-1,,58
3355,-1,,48
3356,-1,,53
3357,-1,,44
3358,-1,,62
3359,-1,,54
3360,-1,,48
3361,-1,,64
3362,-1,,59
3363,-1,,49
3364,-1,,47
3365,-1,,43
3366,-1,,47
3367,-1,,45
3368,-1,,64
3369,-1,,60
3370,-1,,64
3371,-1,,64
3372,-1,,64
3373,-1,,64
3374,-1,,64
3375,-1,,64
3376,-1,,42
3377,-1,,47
3378,-1,,47
3379,-1,,40
3380,-1,,62
3381,-1,,54
3382,-1,,64
3383,-1,,64
3384,-1,,42
3385,-1,,47
3386,-1,,53
3387,-1,,48
3388,-1,,53
3389,-1,,53
3390,-1,,59
3391,-1,,55
3392,-1,,43
3393,-1,,51
3394,-1,,51
3395,-1,,44
3396,-1,,40
3397,-1,,32
3398,-1,,49
3399,-1,,30
3400,-1,,48
3401,-1,,57
3402,-1,,59
3403,-1,,47
3404,-1,,39
3405,-1,,40
3406,-1,,57
3407,-1,,45
3408,-1,,49
3409,-1,,52
3410,-1,,59
3411,-1,,51
3412,-1,,52
3413,-1,,35
3414,-1,,54
3415,-1,,48
3416,-1,,44
3417,-1,,37
3418,-1,,56
3419,-1,,39
3420,-1,,44
3421,-1,,35
3422,-1,,51
3423,-1,,39
3424,-1,,61
3425,-1,,53
3426,-1,,59
3427,-1,,53
3428,-1,,64
3429,-1,,40
3430,-1,,46
3431,-1,,41
3432,-1,,63
3433,-1,,48
3434,-1,,46
3435,-1,,57
3436,-1,,64
3437,-1,,45
3438,-1,,64
3439,-1,,58
3440,-1,,49
3441,-1,,47
3442,-1,,50
3443,-1,,44
3444,-1,,60
3445,-1,,43
3446,-1,,60
3447,-1,,41
3448,-1,,64
3449,-1,,45
3450,-1,,64
3451,-1,,58
3452,-1,,64
3453,-1,,56
3454,-1,,64
3455,-1,,64
3456,-1,,37
3457,-1,,31
3458,-1,,50
3459,-1,,40
3460,-1,,50
3461,-1,,64
3462,-1,,64
3463,-1,,55
3464,-1,,64
3465,-1,,62
3466,-1,,64
3467,-1,,64
3468,-1,,54
3469,-1,,42
3470,-1,,64
3471,-1,,43
3472,-1,,56
3473,-1,,50
3474,-1,,64
3475,-1,,64
3476,-1,,63
3477,-1,,49
3478,-1,,54
3479,-1,,62
3480,-1,,49
3481,-1,,40
3482,-1,,64
3483,-1,,64
3484,-1,,42
3485,-1,,43
3486,-1,,51
3487,-1,,48
3488,-1,,64
3489,-1,,64
3490,-1,,64
3491,-1,,64
3492,-1,,38
3493,-1,,53
3494,-1,,55
3495,-1,,50
3496,-1,,56
3497,-1,,64
3498,-1,,58
3499,-1,,51
3500,-1,,64
3501,-1,,64
3502,-1,,64
3503,-1,,64
3504,-1,,60
3505,-1,,62
3506,-1,,56
3507,-1,,57
3508,-1,,45
3509,-1,,30
3510,-1,,52
3511,-1,,43
3512,-1,,58
3513,-1,,40
3514,-1,,62
3515,-1,,54
3516,-1,,64
3517,-1,,47
3518,-1,,64
3519,-1,,54
3520,-1,,64
3521,-1,,63
3522,-1,,57
3523,-1,,64
3524,-1,,34
3525,-1,,30
3526,-1,,46
3527,-1,,44
3528,-1,,64
3529,-1,,57
3530,-1,,62
3531,-1,,64
3532,-1,,57
3533,-1,,44
3534,-1,,50
3535,-1,,46
3536,-1,,37
3537,-1,,40
3538,-1,,53
3539,-1,,57
3540,-1,,60
3541,-1,,53
3542,-1,,41
3543,-1,,43
3544,-1,,43
3545,-1,,58
3546,-1,,57
3547,-1,,55
3548,-1,,37
3549,-1,,57
3550,-1,,37
3551,-1,,51
3552,-1,,43
3553,-1,,39
3554,-1,,35
3555,-1,,33
3556,-1,,37
3557,-1,,64
3558,-1,,53
3559,-1,,64
3560,-1,,43
3561,-1,,64
3562,-1,,36
3563,-1,,64
3564,-1,,42
3565,-1,,64
3566,-1,,55
3567,-1,,64
3568,-1,,45
3569,-1,,64
3570,-1,,50
3571,-1,,64
3572,-1,,48
3573,-1,,64
3574,-1,,46
3575,-1,,64
3576,-1,,43
3577,-1,,64
3578,-1,,55
3579,-1,,64
3580,-1,,39
3581,-1,,64
3582,-1,,51
3583,-1,,64
3584,-1,,45
3585,-1,,64
3586,-1,,48
3587,-1,,64
3588,-1,,44
3589,-1,,64
3590,-1,,39
3591,-1,,64
3592,-1,,39
3593,-1,,64
3594,-1,,56
3595,-1,,64
3596,-1,,35
3597,-1,,46
3598,-1,,33
3599,-1,,59
3600,-1,,44
3601,-1,,64
3602,-1,,47
3603,-1,,64
3604,-1,,44
3605,-1,,44
3606,-1,,48
3607,-1,,42
3608,-1,,60
3609,-1,,64
3610,-1,,47
3611,-1,,64
3612,-1,,36
3613,-1,,55
3614,-1,,40
3615,-1,,42
3616,-1,,29
3617,-1,,39
3618,-1,,43
3619,-1,,45
3620,-1,,49
3621,-1,,58
3622,-1,,44
3623,-1,,63
3624,-1,,61
3625,-1,,64
3626,-1,,52
3627,-1,,64
3628,-1,,34
3629,-1,,50
3630,-1,,40
3631,-1,,59
3632,-1,,57
3633,-1,,64
3634,-1,,52
3635,-1,,54
3636,-1,,38
3637,-1,,61
3638,-1,,51
3639,-1,,60
3640,-1,,39
3641,-1,,60
3642,-1,,50
3643,-1,,50
3644,-1,,41
3645,-1,,40
3646,-1,,46
3647,-1,,47
3648,-1,,36
3649,-1,,55
3650,-1,,43
3651,-1,,48
3652,-1,,48
3653,-1,,64
3654,-1,,53
3655,-1,,61
3656,-1,,41
3657,-1,,64
3658,-1,,53
3659,-1,,64
3660,-1,,38
3661,-1,,59
3662,-1,,44
3663,-1,,55
3664,-1,,30
3665,-1,,43
3666,-1,,39
3667,-1,,50
3668,-1,,46
3669,-1,,55
3670,-1,,38
3671,-1,,60
3672,-1,,27
3673,-1,,49
3674,-1,,35
3675,-1,,39
3676,-1,,37
3677,-1,,46
3678,-1,,30
3679,-1,,34
3680,-1,,48
3681,-1,,51
3682,-1,,40
3683,-1,,41
3684,-1,,42
3685,-1,,40
3686,-1,,40
3687,-1,,53
3688,-1,,38
3689,-1,,35
3690,-1,,46
3691,-1,,36
3692,-1,,38
3693,-1,,52
3694,-1,,38
3695,-1,,45
3696,-1,,59
3697,-1,,60
3698,-1,,52
3699,-1,,51
3700,-1,,60
3701,-1,,59
3702,-1,,63
3703,-1,,64
3704,-1,,62
3705,-1,,41
3706,-1,,64
3707,-1,,50
3708,-1,,64
3709,-1,,55
3710,-1,,64
3711,-1,,61
3712,-1,,64
3713,-1,,64
3714,-1,,64
3715,-1,,64
3716,-1,,62
3717,-1,,51
3718,-1,,64
3719,-1,,63
3720,-1,,52
3721,-1,,35
3722,-1,,41
3723,-1,,29
3724,-1,,56
3725,-1,,64
3726,-1,,55
3727,-1,,45
3728,-1,,44
3729,-1,,61
3730,-1,,53
3731,-1,,57
3732,-1,,57
3733,-1,,51
3734,-1,,64
3735,-1,,52
3736,-1,,64
3737,-1,,55
3738,-1,,58
3739,-1,,54
3740,-1,,51
3741,-1,,42
3742,-1,,57
3743,-1,,43
3744,-1,,50
3745,-1,,57
3746,-1,,61
3747,-1,,64
3748,-1,,48
3749,-1,,54
3750,-1,,51
3751,-1,,50
3752,-1,,52
3753,-1,,43
3754,-1,,57
3755,-1,,45
3756,-1,,53
3757,-1,,48
3758,-1,,63
3759,-1,,63
3760,-1,,56
3761,-1,,56
3762,-1,,64
3763,-1,,64
3764,-1,,45
3765,-1,,43
3766,-1,,53
3767,-1,,43
3768,-1,,36
3769,-1,,40
3770,-1,,41
3771,-1,,40
3772,-1,,48
3773,-1,,43
3774,-1,,64
3775,-1,,54
3776,-1,,59
3777,-1,,64
3778,-1,,64
3779,-1,,64
3780,-1,,41
3781,-1,,46
3782,-1,,64
3783,-1,,64
3784,-1,,44
3785,-1,,48
3786,-1,,61
3787,-1,,64
3788,-1,,64
3789,-1,,53
3790,-1,,59
3791,-1,,57
3792,-1,,56
3793,-1,,63
3794,-1,,64
3795,-1,,64
3796,-1,,56
3797,-1,,56
3798,-1,,46
3799,-1,,35
3800,-1,,61
3801,-1,,47
3802,-1,,50
3803,-1,,48
3804,-1,,51
3805,-1,,52
3806,-1,,64
3807,-1,,63
3808,-1,,64
3809,-1,,59
3810,-1,,64
3811,-1,,59
3812,-1,,64
3813,-1,,64
3814,-1,,64
3815,-1,,57
3816,-1,,64
3817,-1,,62
3818,-1,,64
3819,-1,,64
3820,-1,,64
3821,-1,,64
3822,-1,,64
3823,-1,,64
3824,-1,,59
3825,-1,,47
3826,-1,,64
3827,-1,,46
3828,-1,,57
3829,-1,,46
3830,-1,,64
3831,-1,,63
3832,-1,,64
3833,-1,,49
3834,-1,,64
3835,-1,,50
3836,-1,,64
3837,-1,,58
3838,-1,,64
3839,-1,,64
3840,-1,,64
3841,-1,,62
3842,-1,,64
3843,-1,,50
3844,-1,,43
3845,-1,,58
3846,-1,,51
3847,-1,,52
3848,-1,,64
3849,-1,,42
3850,-1,,64
3851,-1,,57
3852,-1,,51
3853,-1,,48
3854,-1,,53
3855,-1,,47
3856,-1,,51
3857,-1,,48
3858,-1,,51
3859,-1,,43
3860,-1,,62
3861,-1,,64
3862,-1,,56
3863,-1,,64
3864,-1,,63
3865,-1,,64
3866,-1,,63
3867,-1,,64
3868,-1,,52
3869,-1,,60
3870,-1,,59
3871,-1,,64
3872,-1,,52
3873,-1,,64
3874,-1,,59
3875,-1,,64
3876,-1,,62
3877,-1,,64
3878,-1,,57
3879,-1,,64
3880,-1,,62
3881,-1,,62
3882,-1,,64
3883,-1,,64
3884,-1,,51
3885,-1,,56
3886,-1,,59
3887,-1,,63
3888,-1,,56
3889,-1,,64
3890,-1,,44
3891,-1,,54
3892,-1,,58
3893,-1,,64
3894,-1,,58
3895,-1,,64
3896,-1,,54
3897,-1,,64
3898,-1,,53
3899,-1,,64
3900,-1,,60
3901,-1,,63
3902,-1,,60
3903,-1,,63
3904,-1,,52
3905,-1,,64
3906,-1,,44
3907,-1,,64
3908,-1,,63
3909,-1,,64
3910,-1,,61
3911,-1,,64
3912,-1,,56
3913,-1,,64
3914,-1,,43
3915,-1,,52
3916,-1,,54
3917,-1,,57
3918,-1,,58
3919,-1,,64
3920,-1,,53
3921,-1,,64
3922,-1,,64
3923,-1,,64
3924,-1,,51
3925,-1,,51
3926,-1,,47
3927,-1,,47
3928,-1,,59
3929,-1,,64
3930,-1,,60
3931,-1,,64
3932,-1,,50
3933,-1,,55
3934,-1,,64
3935,-1,,64
3936,-1,,48
3937,-1,,46
3938,-1,,58
3939,-1,,58
3940,-1,,64
3941,-1,,64
3942,-1,,64
3943,-1,,64
3944,-1,,49
3945,-1,,54
3946,-1,,64
3947,-1,,64
3948,-1,,45
3949,-1,,52
3950,-1,,64
3951,-1,,64
3952,-1,,56
3953,-1,,63
3954,-1,,52
3955,-1,,64
3956,-1,,60
3957,-1,,64
3958,-1,,64
3959,-1,,64
3960,-1,,53
3961,-1,,58
3962,-1,,53
3963,-1,,58
3964,-1,,41
3965,-1,,40
3966,-1,,54
3967,-1,,53
3968,-1,,46
3969,-1,,49
3970,-1,,46
3971,-1,,49
3972,-1,,55
3973,-1,,61
3974,-1,,55
3975,-1,,61
3976,-1,,45
3977,-1,,48
3978,-1,,45
3979,-1,,48
3980,-1,,63
3981,-1,,64
3982,-1,,62
3983,-1,,64
3984,-1,,44
3985,-1,,53
3986,-1,,57
3987,-1,,64
3988,-1,,43
3989,-1,,62
3990,-1,,60
3991,-1,,64
3992,-1,,46
3993,-1,,55
3994,-1,,43
3995,-1,,52
3996,-1,,58
3997,-1,,64
3998,-1,,48
3999,-1,,53
